blob_id,turi,model_kodi,model_nomi,fayl_nomi_tavsiya
1d9dca84af289ecdaa69b4fafe919e7c,sahna (terilgan),01,Monako,trotuar-01-scene.webp
f7eba9c97adb34b05a6bce288c1af313,qolip surati,01,Monako,trotuar-01-mold-a.webp
ee466d6bab74f2b9c62f8f2ffaa4a2e2,sahna (terilgan),02,Ornament,trotuar-02-scene.webp
e8b3c81234e36099a5d54ce24a2b7b9a,qolip surati,02,Ornament,trotuar-02-mold-a.webp
b65b557512ea63bdf3f1d26c5f45dd3c,sahna (terilgan),03,Yalta,trotuar-03-scene.webp
083cd68c3ece59067afe0da2e46fbc42,qolip surati,03,Yalta,trotuar-03-mold-a.webp
f7bc5c7d7ea4c49e05064900a4b037fc,sahna (terilgan),04,Tsvetok,trotuar-04-scene.webp
c764ff5f5abc14f4ee626ea3d9b488d6,qolip surati,04,Tsvetok,trotuar-04-mold-a.webp
9c0146f25f15a001346a674e89d19255,sahna (terilgan),05,Magna,trotuar-05-scene.webp
1c793d7de924907f7b346a9bbb422b1b,qolip surati,05,Magna,trotuar-05-mold-a.webp
7b90a258678ba587557a9e4286408e2f,sahna (terilgan),06,Azara,trotuar-06-scene.webp
5d1ae40c429d0a3dd7976d8456ba9b48,qolip surati,06,Azara,trotuar-06-mold-a.webp
291560cd98dd1b99003bb8be29776215,sahna (terilgan),07,Parus,trotuar-07-scene.webp
06a09aafb6a7db99868c71abd1a9576b,qolip surati,07,Parus,trotuar-07-mold-a.webp
f3a3ba0aeb0ad54e65a4abfecea511fc,sahna (terilgan),08,Travertino,trotuar-08-scene.webp
2dca16e857f4436b3a821a856e0b4459,qolip surati,08,Travertino,trotuar-08-mold-a.webp
1c24195f028699aecfd987c5dc0c4de2,sahna (terilgan),09,Versache 1,trotuar-09-scene.webp
ee472433d6015960aec5d0077d7e22ab,qolip surati,09,Versache 1,trotuar-09-mold-a.webp
e0b2e4940a9b172287d7f3757643d433,sahna (terilgan),12,Rio,trotuar-12-scene.webp
40f29c6d7aeec20a2f85465e0e956582,qolip surati,12,Rio,trotuar-12-mold-a.webp
0f0a158af1db2caef579dbd2cac7d285,sahna (terilgan),15,Floriya,trotuar-15-scene.webp
3c5fcc8b77fbde3924e8d88187e01a93,qolip surati,15,Floriya,trotuar-15-mold-a.webp
ef55fb76050c8dd2acbaf3bcd97547ff,sahna (terilgan),16,Strelka,trotuar-16-scene.webp
e1343a65d43f024947855b544d0dd747,qolip surati,16,Strelka,trotuar-16-mold-a.webp
14af9eb960935e79708ea316efe6cf12,sahna (terilgan),19,Kaliforniya,trotuar-19-scene.webp
d3d54e8a4a47b717fff14b3b0d894cc5,qolip surati,19,Kaliforniya,trotuar-19-mold-a.webp
8ee100bf3c94b4f2968753ce7aa92fc6,sahna (terilgan),21,Shashka,trotuar-21-scene.webp
afb7a0aa9961de8862c36097a6024525,qolip surati,21,Shashka,trotuar-21-mold-a.webp
30a55fd376d5e6330c0fbb145120496f,sahna (terilgan),22,Dubay 40×40,trotuar-22-scene.webp
97f4bee8f306f61c0f51dd6b6d087aa5,qolip surati,22,Dubay 40×40,trotuar-22-mold-a.webp
793f6f3ad72529b4fdc8be7151574fe5,sahna (terilgan),24,Travertin 40×40,trotuar-24-scene.webp
a303280c9f8ac991cf94be3f4df59630,qolip surati,24,Travertin 40×40,trotuar-24-mold-a.webp
36302af35570b25af09e8b968001ca53,sahna (terilgan),25,Taroq,trotuar-25-scene.webp
b192f2f56649b53c33bb726b537dcb9a,qolip surati,25,Taroq,trotuar-25-mold-a.webp
cb400e4e0784199a590fab59f54d7821,sahna (terilgan),29,Bodom,trotuar-29-scene.webp
30911ae7a2bb2e815a9b6f40abbd8117,qolip surati,29,Bodom,trotuar-29-mold-a.webp
e569eaa9d0d1e199f25958c5df2e9a03,sahna (terilgan),30,Astana,trotuar-30-scene.webp
419f4b2ce39608464b2f6554a22d939c,qolip surati,30,Astana,trotuar-30-mold-a.webp
924376259450bd7596ffc4ab0c3e5d7d,sahna (terilgan),31,Yulduz,trotuar-31-scene.webp
3148f6cce38828e2ef2406b4dead18e3,qolip surati,31,Yulduz,trotuar-31-mold-a.webp
b045cfa9a9312d7a4beb698373e13579,sahna (terilgan),34,Aleya,trotuar-34-scene.webp
833c8a38411daa2ec259df4b6ef9b179,qolip surati,34,Aleya,trotuar-34-mold-a.webp
b1798edf82b79266bb271b425660e121,sahna (terilgan),38,Parket 20×20,trotuar-38-scene.webp
01bccd60c4f3353f411e9fa34fb128ee,qolip surati,38,Parket 20×20,trotuar-38-mold-a.webp
4bf512b7ef114ca1f9f184b8c7b1e64c,sahna (terilgan),42,Rombik yangi,trotuar-42-scene.webp
ab996eeceb8f599a0da1e1bc3ca4aa2b,qolip surati,42,Rombik yangi,trotuar-42-mold-a.webp
81f992f7ed5e117b31fc83b9ecba66a3,sahna (terilgan),46,Kerpich 10×20×5,trotuar-46-scene.webp
51e0a94d9c881c46db89424627950eea,qolip surati,46,Kerpich 10×20×5,trotuar-46-mold-a.webp
286902456802abe257bfabc7453f742e,sahna (terilgan),52,Mozaika,trotuar-52-scene.webp
98e1e7c46a4248cef1fb8efad284489d,qolip surati,52,Mozaika,trotuar-52-mold-a.webp
ffe015f0b82585bba96fcc4b3091b25f,sahna (terilgan),62,Afina,trotuar-62-scene.webp
64327e21d8ab2f8a4d7fdfb3af9ad169,qolip surati,62,Afina,trotuar-62-mold-a.webp
8b7c5eaa0a3d2782ec99eb96279cc6a6,sahna (terilgan),63,Rokki,trotuar-63-scene.webp
0458885bd542729e89dc19ccf90fcd5b,qolip surati,63,Rokki,trotuar-63-mold-a.webp
9fd82b70c79df21d9bffab2b1eeb644a,sahna (terilgan),64,Kostochka,trotuar-64-scene.webp
471964ad8dd3332aae17843f1978e67f,qolip surati,64,Kostochka,trotuar-64-mold-a.webp
6aa86356a75b2d2fb885f4e0e87589a0,sahna (terilgan),65,3D,trotuar-65-scene.webp
5a88ff2c8c145a477e60a46886546089,qolip surati,65,3D,trotuar-65-mold-a.webp
de9f7783a15e4d286fdaca6afced9b61,sahna (terilgan),68,Royal 1,trotuar-68-scene.webp
d944d4de9d21a80af97462946a307556,qolip surati,68,Royal 1,trotuar-68-mold-a.webp
6edbad90bf41cfd6416ca718689fb5ff,sahna (terilgan),70,Farovon,trotuar-70-scene.webp
cbff73875e2efe62e64b5b6e447a51f0,qolip surati,70,Farovon,trotuar-70-mold-a.webp
41a0377232616485cb0690c51ccd4ba8,sahna (terilgan),72,Safir,trotuar-72-scene.webp
cfef5a4448b161963506ece423085a84,qolip surati,72,Safir,trotuar-72-mold-a.webp
390ecc2bb9ebde182a2b9b133bda42a2,sahna (terilgan),79,Nikolay gladkiy,trotuar-79-scene.webp
570dc1af30b2781e16eebc56e77b8ffe,qolip surati,79,Nikolay gladkiy,trotuar-79-mold-a.webp
7877e77f06b2b6a2cb554309b0a45bfe,sahna (terilgan),81,Xokkey,trotuar-81-scene.webp
e09e110b557990e1ac5289a94a9be293,qolip surati,81,Xokkey,trotuar-81-mold-a.webp
03c3b06ab0fb4c2ce7fdd795f1081b92,sahna (terilgan),82,Palma,trotuar-82-scene.webp
8d36a25abf4f35d78d80cbcf2f0592af,qolip surati,82,Palma,trotuar-82-mold-a.webp
41c2430485bca30a1eb59c5876593acf,sahna (terilgan),83,Ventilyator,trotuar-83-scene.webp
3f3e58325c5b5d90eff2ed06dffea762,qolip surati,83,Ventilyator,trotuar-83-mold-a.webp
74a0cb9f9e69c2b1938dc901e4c3b2ad,sahna (terilgan),85,Orxideya,trotuar-85-scene.webp
f363b947ec876acbaeee1ddd2c8e2825,qolip surati,85,Orxideya,trotuar-85-mold-a.webp
d3e21c8f24316c9917d859c2279a9c59,sahna (terilgan),89,Aleya 3,trotuar-89-scene.webp
1f39710cebfcdb0fdd704d5750bffbf5,qolip surati,89,Aleya 3,trotuar-89-mold-a.webp
f96ebd66375ba38987fcb8bc95618fbf,sahna (terilgan),F04,Brilliant,fasad-f04-scene.webp
43f4937ca1d072005d2798a7176b43c5,qolip surati,F04,Brilliant,fasad-f04-mold-a.webp
dc4680526dc0aabcadac74bb22338a3d,sahna (terilgan),F11,Sokol 65×120,fasad-f11-scene.webp
f4f2d6386cbad135844d0b18d2765862,qolip surati,F11,Sokol 65×120,fasad-f11-mold-a.webp
b5560e5c0b1ac0b9ef7c851b42a5f031,sahna (terilgan),F17,Pilyastr 3,fasad-f17-scene.webp
70f2c34509ce561f579437a717db5a35,qolip surati,F17,Pilyastr 3,fasad-f17-mold-a.webp
f1a698b0937141c1a752345e5f25fa08,sahna (terilgan),F18,Kalonna 40×120,fasad-f18-scene.webp
3c8b44dd76caa0ef55d41718e2c8c35f,qolip surati,F18,Kalonna 40×120,fasad-f18-mold-a.webp
ef5eb141a9864ef9d5b44218e5eaf500,sahna (terilgan),F21,Karniz 1,fasad-f21-scene.webp
2385626c7a18007a2a32df2521ce2880,qolip surati,F21,Karniz 1,fasad-f21-mold-a.webp
033520b7580975c93e8966049337cf8a,sahna (terilgan),F24,4 tali kamen,fasad-f24-scene.webp
ac60f42fc4deb554b9da133f7f17902d,qolip surati,F24,4 tali kamen,fasad-f24-mold-a.webp
d1e3501b2fc271265b287fc2f143d835,sahna (terilgan),Z01,3D romb,zabor-z01-scene.webp
b7077681221197205af2c1ba224d2a5e,qolip surati,Z01,3D romb,zabor-z01-mold-a.webp
cc505085c93449c96a834da185b2a293,sahna (terilgan),Z05,Sharqona,zabor-z05-scene.webp
14b1448132f4f49db93dc17d51461331,qolip surati,Z05,Sharqona,zabor-z05-mold-a.webp
23e95a48f496b126329d7aa31ddeafe7,sahna (terilgan),Z08,Tabiiy tosh,zabor-z08-scene.webp
ed22673ff66afec87ea7a75d813422cc,qolip surati,Z08,Tabiiy tosh,zabor-z08-mold-a.webp
a97ba7109d5c4f6b384e3145632ce853,sahna (terilgan),D01,Ramkali panel,dekor-d01-scene.webp
b930882b01b858382fc907626e13c070,qolip surati,D01,Ramkali panel,dekor-d01-mold-a.webp
81452d82e4ee55dc9a7560c2b97f8d8f,sahna (terilgan),D09,3D piramida,dekor-d09-scene.webp
08613347e53b7cd4f504c73b4284c521,qolip surati,D09,3D piramida,dekor-d09-mold-a.webp
2a21bd266344cf6a7c771b974b9a092f,sahna (terilgan),D12,To'lqinli panel,dekor-d12-scene.webp
3344d09c2eee2ea81f46a315faa3183c,qolip surati,D12,To'lqinli panel,dekor-d12-mold-a.webp
4e9a4cc036673dbacf9df18cda099374,sahna (terilgan),S02,Skameyka oyog'i 2,skameyka-s02-scene.webp
4768f11e84e21d08df6a3ea5aeee3942,qolip surati,S02,Skameyka oyog'i 2,skameyka-s02-mold-a.webp
5ac7dda5c4c8c40861b7d24b038ddfb2,sahna (terilgan),S05,Skameyka oyog'i 5,skameyka-s05-scene.webp
7121794974d4392bc1d64ab6d99fcb1b,qolip surati,S05,Skameyka oyog'i 5,skameyka-s05-mold-a.webp
3f4c062957d38428c1377792030ad8f0,sayt rasmi,,,logo (qora)
aed7d7c9e072ea804499ffcdf260d9c7,sayt rasmi,,,logo (oq)
0f675fa60d42a0bf9f95324ba244533d,sayt rasmi,,,zavod sexi (images/site/factory.jpg)
2821968b2360b936d79bcf2d9cb48f22,sayt rasmi,,,usta quyish/terish (images/site/master-pouring.jpg)
c1b5c1aaf283e9d25ff38d1a4336e4d1,sayt rasmi,,,usta plitka teryapti (images/site/master-laying.jpg)
c942ef3704a73ae19c4873f88c20057f,sayt rasmi,,,port konteynerlar (images/site/port.jpg)
5f877707bfa6a902ebb5ec0d3862c27c,sayt rasmi,,,yuk mashinasi konteyner (images/site/containers.jpg)
58d704c330ce447cc4fd3aaeba73ee2a,sayt rasmi,,,eksport xaritasi UZ (images/site/map-uz.jpg)
a3dac3ade34ae0c4f8c326b17b0a07f3,sayt rasmi,,,Monako katta sahna (model sahifasi)
2febc1535fa82da649d3433b5cffe1de,sayt rasmi,,,Monako qolip surati (model sahifasi)
128edf3cd9a9a0e1f46fa3ceaa20005a,sayt rasmi,,,Monako tayyor plitka PNG
2422a4c826408e135d229cd314af488d,sayt rasmi,,,stock: distribyutor ombori (images/stock)
aa6696353d9399485930bead4d59ca38,sayt rasmi,,,stock: qurilish obyekti (images/stock)
